{
  "accuracy": 0.9698492462311558,
  "f1_weighted": 0.9695980008550799,
  "train_size": 793,
  "test_size": 199
}